,id,name,순위,긍정확률,부정확률
0,125459,부자 아빠 가난한 아빠 2,897,0.814491073290507,0.185508926709493
1,140297,클로디아의 비밀,1032,0.7232199261585871,0.27678007384141284
2,176008,샬롯의 거미줄,843,0.7949407905340194,0.20505920946598052
3,204300,호밀밭의 파수꾼,696,0.825364331404368,0.17463566859563193
4,232775,책 먹는 여우,650,0.8176303148269654,0.18236968517303467
5,232985,돼지책,603,0.8733128488063813,0.12668715119361879
6,276635,마당을 나온 암탉,881,0.8785324454307556,0.12146755456924438
7,359901,자기 앞의 생,838,0.7794091194868088,0.22059088051319123
8,372300,1984,794,0.8185213228066762,0.18147867719332378
9,1468080,우리 엄마,1013,0.8648093303044637,0.1351906696955363
10,1499175,위대한 기업에 투자하라,945,0.6987394005060196,0.30126059949398043
11,1804371,괜찮아,995,0.8274396638075511,0.17256033619244893
12,1940233,"총, 균, 쇠",75,0.8081429799397787,0.19185702006022134
13,1984959,엘리어트 파동이론,25,0.5391386270523071,0.46086137294769286
14,2307615,거짓말을 하면 얼굴이 빨개진다,583,0.6286140233278275,0.37138597667217255
15,2312211,코스모스,22,0.7687199453512827,0.23128005464871723
16,2599166,The Secret 시크릿,15,0.8530742088953654,0.1469257911046346
17,2875870,"거래의 신, 혼마",670,0.6940222030336206,0.30597779696637933
18,3014889,마법사 똥맨,618,0.7651855359817373,0.23481446401826267
19,3220774,트루먼 스쿨 악플 사건,598,0.6521645401205335,0.34783545987946646
20,3248548,[예스리커버] 책과 노니는 집,689,0.8204262634118398,0.1795737365881602
21,3486146,불량한 자전거 여행 ,20,0.8560698608557383,0.14393013914426167
22,3593215,눈물바다 ,880,0.8997112820545833,0.10028871794541677
23,3645472,스즈키 바이올린 교본 1,569,0.7143362621466319,0.2856637378533681
24,3799797,초등학생을 위한 나의 라임 오렌지나무,882,0.8029644340276718,0.19703556597232819
25,3800181,스즈키 바이올린 교본 2,716,0.7364598174889883,0.26354018251101174
26,3906369,만복이네 떡집,14,0.9050848265488942,0.09491517345110576
27,4293743,지하 100층짜리 집,928,0.8034751802682877,0.19652481973171235
28,4827619,페스트,699,0.7712569385766983,0.2287430614233017
29,5141170,보도 섀퍼의 돈,685,0.635415005683899,0.3645849943161011
30,5228739,주식시장을 이기는 작은 책,71,0.6864863127470017,0.31351368725299833
31,5247638,엘리어트 파동이론,12,0.44263018803163007,0.5573698119683699
32,5278501,해리엇,730,0.8313378336337897,0.16866216636621034
33,5321530,스즈키 바이올린 교본 3,944,0.7548756013656485,0.24512439863435154
34,5531156,월든,1012,0.7568043142557144,0.24319568574428557
35,6111350,토요일의 심리클럽,801,0.6484127223491669,0.35158727765083314
36,6612337,엄마 사용법,729,0.8117009660472041,0.18829903395279593
37,6750104,몽실 언니,806,0.8454529273098913,0.15454707269010873
38,6779868,돈으로 살 수 없는 것들,664,0.641278299689293,0.3587217003107071
39,8068409,한국단편소설 40,943,0.7573217451572418,0.24267825484275818
40,8115949,5학년 5반 아이들,698,0.8292957674711943,0.17070423252880573
41,8157957,나미야 잡화점의 기적 (봄날 에디션),43,0.8415675848722458,0.15843241512775422
42,8271956,시간가게,686,0.8540862788414133,0.1459137211585867
43,8687274,까만 아기 양,979,0.8859616061051686,0.11403839389483134
44,8695242,속뜻풀이 초등국어사전,659,0.7341045836607615,0.26589541633923847
45,8709538,Bricks Reading 200 L1,920,0.6488064736127853,0.3511935263872147
46,8840624,여덟 단어,879,0.8309591621160507,0.16904083788394927
47,8871301,오월의 달리기,745,0.877557960152626,0.12244203984737397
48,8889347,너는 어떤 씨앗이니?,887,0.8822499692440033,0.1177500307559967
49,8980635,차트의 기술,41,0.7077607889970143,0.2922392110029856
50,9387098,신곡 세트,1031,0.7340125266847939,0.26598747331520606
51,11213797,꼴뚜기,999,0.890482295127142,0.10951770487285796
52,12020631,신 차트의 맥,46,0.695071208689894,0.30492879131010603
53,12020631,신 차트의 맥,763,0.695071208689894,0.30492879131010603
54,12193159,손가락 문어,602,0.7749315281709035,0.22506847182909648
55,12901038,파닉스 무작정 따라하기,749,0.7403379853429466,0.25966201465705346
56,12988594,민들레는 민들레,725,0.8888450307505471,0.11115496924945287
57,13345709,소년이 그랬다 ,978,0.9268918037414551,0.07310819625854492
58,13898460,수박씨를 삼켰어! ,927,0.7945305407047272,0.20546945929527283
59,14203791,바다 100층짜리 집,1033,0.8503015369176865,0.14969846308231355
60,14755460,마미북,44,0.9629883964856466,0.03701160351435343
61,15182767,제로 투 원,776,0.5679946303367615,0.43200536966323855
62,15280734,바삭바삭 갈매기,764,0.8289376646280289,0.17106233537197113
63,15282267,10대를 위한 JUSTICE 정의란 무엇인가,595,0.7871490048951116,0.2128509951048884
64,15447903,2021 기분파 굴삭기운전기능사 필기 ,642,0.7573425138697905,0.24265748613020954
65,15834855,책 먹는 여우와 이야기 도둑,886,0.8334808786710103,0.16651912132898966
66,16384156,이토록 공부가 재미있어지는 순간,15,0.7586789776881536,0.2413210223118464
67,17350159,13층 나무 집,803,0.7819372177124023,0.21806278228759765
68,17508927,대디북과 마미북 세트,40,0.8810155987739563,0.1189844012260437
69,17614893,간장 공장 공장장,854,0.8933631181716919,0.1066368818283081
70,17622312,위험한 과학책,660,0.8474591662143839,0.15254083378561611
71,18116912,영어회화 100일의 기적,684,0.7661134600639343,0.23388653993606567
72,18182099,어쩌면 별들이 너의 슬픔을 가져갈지도 몰라,910,0.6662118373246029,0.3337881626753971
73,18410503,해커스 보카 Hackers Vocabulary,942,0.682304647564888,0.317695352435112
74,18757278,앵무새 죽이기,1011,0.7685836851596832,0.23141631484031677
75,18841857,푸른 사자 와니니,8,0.8567481319109599,0.1432518680890401
76,19895507,MONEY 머니,597,0.7976192553838094,0.2023807446161906
77,19953053,글자동물원,947,0.866493825117747,0.133506174882253
78,20153550,초등 필수 영단어 무작정 따라하기 ,695,0.655796762307485,0.34420323769251504
79,20289045,생각의 비밀,863,0.7769835372765859,0.2230164627234141
80,21410166,착! 붙는 일본어 독학 첫걸음 ,969,0.7824705163637797,0.2175294836362203
81,21631904,이게 정말 나일까?,728,0.819221485654513,0.18077851434548695
82,22431294,어린 왕자,641,0.7986943741639455,0.2013056258360545
83,22793441,5년 후 나에게 Q&A a day (2021 메모리아 화이트 Gift Edition),32,0.7518135587374369,0.24818644126256306
84,23030284,사피엔스,67,0.7956918199857076,0.2043081800142924
85,23358922,JLPT (일본어능력시험) 한 권으로 끝내기 N3,956,0.7613227546215058,0.23867724537849427
86,24027453,뜨겁게 나를 응원한다,909,0.9177546242872874,0.0822453757127126
87,24259730,꽃을 보듯 너를 본다,13,0.9079205960035324,0.0920794039964676
88,24472345,미라클 모닝,51,0.7161894907553991,0.28381050924460094
89,24517339,요리조리 열어 보는 음식,823,0.7521537697833517,0.24784623021664826
90,24559798,초조하지 않게 사는 법,1030,0.7240158418814341,0.27598415811856586
91,24569301,수상한 학원,948,0.7768539716215694,0.22314602837843053
92,24937700,왜 세계의 절반은 굶주리는가?,837,0.6687616089979808,0.33123839100201924
93,25283908,나는 3학년 2반 7번 애벌레,32,0.7420853614807129,0.2579146385192871
94,26031499,못 참는 아이 욱하는 부모,61,0.7276076704263688,0.2723923295736313
95,29083333,28시간에 끝내는 토익 스피킹 스타트 Lv.6,822,0.7681134581565857,0.2318865418434143
96,30114173,백년을 살아보니,775,0.794981433947881,0.20501856605211893
97,30387696,언어의 온도,608,0.7809700739794764,0.2190299260205236
98,30872852,프레임,632,0.8032824039459229,0.19671759605407715
99,32235690,기적의 파닉스 1-3 세트,896,0.8025773177544276,0.1974226822455724
100,32404883,가나다는 맛있다,579,0.892224269253867,0.10777573074613299
101,32534124,진격의 거인 -후회없는 선택 세트,658,0.8274949848651886,0.1725050151348114
102,32685521,당신 인생의 이야기,968,0.7430953532457352,0.25690464675426483
103,32843375,기적의 한글 학습 1,750,0.7476038803656896,0.2523961196343104
104,33344639,피프티 피플,578,0.7623264948527019,0.23767350514729818
105,33524934,SQL 자격검정 실전문제,861,0.6841385016838709,0.31586149831612903
106,34763422,알면서도 알지 못하는 것들 (YES24 스페셜 에디션),757,0.7171269635359446,0.28287303646405537
107,35552641,돌이킬 수 없는 약속,908,0.7521530797084173,0.24784692029158276
108,36872486,어린이 훈민정음 2-1,772,0.6996734923329847,0.30032650766701535
109,36925841,변신돼지 ,874,0.9023915002743403,0.09760849972565969
110,37211852,아홉 살 마음 사전,28,0.7620493531227112,0.2379506468772888
111,37300128,아몬드,28,0.712242391705513,0.287757608294487
112,37525716,알사탕,31,0.8585332155227661,0.14146678447723388
113,38002304,송사무장의 부동산 경매의 기술,582,0.7747820427020391,0.22521795729796093
114,38188003,아몬드,62,0.850123847524325,0.14987615247567496
115,38292205,왜냐면…,1010,0.9013060660197817,0.09869393398021829
116,38893626,전설로 떠나는 월가의 영웅,3,0.7330376701108341,0.26696232988916596
117,38930422,"안녕, 나는 경주야",955,0.81490325431029,0.18509674568971
118,39114584,성공하는 사람들의 7가지 습관,793,0.8021112869183222,0.19788871308167774
119,39404092,호모 데우스,1000,0.731079375743866,0.26892062425613406
120,39441749,말의 품격,994,0.7222722093264262,0.27772779067357384
121,42813493,라틴어 수업 리커버,977,0.8665424714485804,0.13345752855141957
122,43862350,우리는 언제나 다시 만나,39,0.8733813504378001,0.1266186495621999
123,44499829,노르웨이의 숲,941,0.7112939904133478,0.2887060095866521
124,44816633,개미대학 세력의 매집원가 구하기,20,0.6834568997224172,0.3165431002775828
125,45414019,복제인간 윤봉구,1034,0.8523908217748006,0.1476091782251994
126,45504538,어느 채식의사의 고백,710,0.7618927565114252,0.23810724348857484
127,48293410,딩동거미,1029,0.8767155408859253,0.12328445911407471
128,48739143,커피인문학,74,0.6826532065868378,0.31734679341316224
129,50151751,귀멸의 칼날 1,41,0.8332285503546397,0.1667714496453603
130,53802600,봉제인형 살인사건,688,0.7858164062102636,0.21418359378973642
131,54232177,읽으면서 바로 써먹는 어린이 속담,64,0.8214681218067805,0.1785318781932195
132,56024674,환자 혁명,940,0.8229811797539394,0.1770188202460607
133,56331602,귀멸의 칼날 2,45,0.8729513694842657,0.12704863051573437
134,56732792,초판본 데미안,825,0.7177598734696706,0.28224012653032937
135,56898199,백년 목,709,0.7910208563009898,0.20897914369901022
136,56933618,나빌레라 1~5권 세트,67,0.9349778911897114,0.06502210881028857
137,57698499,쇼더플랜,967,0.7804105132818222,0.2195894867181778
138,57703717,실전 투자의 정석,993,0.47855208689967793,0.5214479131003221
139,57817824,무례한 사람에게 웃으며 대처하는 법 (50만 부 기념 스페셜 에디션),1036,0.7036001046498617,0.29639989535013833
140,57827687,귀멸의 칼날 3,48,0.8622230688730875,0.13777693112691244
141,58389738,가상화폐 실전매매 차트기술,724,0.5861893187869679,0.4138106812130321
142,58552371,세계를 건너 너에게 갈게,22,0.8364747017621994,0.1635252982378006
143,58774995,부자 아빠 가난한 아빠 20주년 특별 기념판,37,0.760158795118332,0.2398412048816681
144,59259340,지방 대사 켜는 스위치온 다이어트,669,0.7063534905513128,0.29364650944868725
145,59382261,파친코 1,54,0.8733399550120036,0.1266600449879964
146,59382266,파친코 2,51,0.8491343430110386,0.15086565698896134
147,59463540,명상록,617,0.7624930024147034,0.23750699758529664
148,59499206,가상화폐 투자 마법 공식,626,0.5543687277370029,0.4456312722629971
149,59580017,생각에 관한 생각,679,0.7732843816280365,0.2267156183719635
150,59716384,귀멸의 칼날 4,59,0.8641789078712463,0.13582109212875365
151,60713828,구미호 식당,926,0.7716099123160044,0.22839008768399557
152,61248357,ETS 토익 기출 VOCA  출제기관 공식수험서,992,0.6945600221896994,0.30543997781030063
153,61307273,보카바이블 4.0,938,0.7623850107192993,0.23761498928070068
154,61933303,참을 수 없는 존재의 가벼움,821,0.7660917441050211,0.23390825589497885
155,62183010,읽으면서 바로 써먹는 어린이 관용구,756,0.877251164118449,0.12274883588155111
156,62751508,귀멸의 칼날 5,57,0.8808830853166252,0.11911691468337486
157,62776752,수학이 필요한 순간,1009,0.745992644627889,0.254007355372111
158,63021971,오싹오싹 팬티!,907,0.8867353995641073,0.11326460043589275
159,63038113,방구석 미술관,68,0.8260140289862951,0.17398597101370494
160,63693707,리버 보이,708,0.8199604779481888,0.18003952205181123
161,64372090,마틸다,802,0.8647834877173106,0.1352165122826894
162,64584626,트리갭의 샘물,853,0.6985572949051857,0.3014427050948143
163,64694842,당신이 옳다 (40만 부 기념 ‘한 사람’ 리커버),9,0.8641020625829696,0.13589793741703032
164,65067259,이기적 유전자 The Selfish Gene,49,0.7929555435975393,0.20704445640246075
165,65419132,귀멸의 칼날 6,63,0.8562648892402649,0.1437351107597351
166,65787664,하마터면 회계를 모르고 일할 뻔했다!,919,0.769810896118482,0.23018910388151806
167,66322614,떨림과 울림,782,0.7053858230511347,0.29461417694886527
168,66360714,12가지 인생의 법칙 (30만 부 기념 오리지널 디자인 리커버),30,0.7359877814849217,0.2640122185150782
169,66815464,ETS 토익 기출 공식입문서 RC 리딩,906,0.6719871207519814,0.32801287924801864
170,67033342,세상 쉽고 맛있는 튼이 이유식 ,72,0.605647991100947,0.3943520088990529
171,67094938,아이를 위한 하루 한 줄 인문학,873,0.6631168096229948,0.3368831903770052
172,67277830,읽으면서 바로 써먹는 어린이 고사성어,577,0.8406416912873586,0.1593583087126414
173,67362730,해커스 토익 기출 보카,65,0.8291997492313385,0.1708002507686615
174,67449477,해커스 토익 실전 1000제 Listening 2 문제집,787,0.5899674733479817,0.4100325266520182
175,67449766,해커스 토익 실전 1000제 Reading 2 문제집,638,0.6702404508988062,0.32975954910119376
176,68724647,경매 권리분석 이렇게 쉬웠어?,607,0.799124984939893,0.2008750150601069
177,68749139,철학은 어떻게 삶의 무기가 되는가,723,0.6047175834576289,0.3952824165423711
178,68785019,불량한 자전거 여행 2,17,0.8830613854030768,0.11693861459692319
179,68796113,딸기 우유 공약,885,0.8206451700793372,0.17935482992066276
180,68798451,말센스 ,777,0.8087741156419118,0.19122588435808818
181,69240128,체리새우 : 비밀글입니다,44,0.7605410973230998,0.23945890267690023
182,69294378,찰리와 초콜릿 공장,813,0.8389487420690471,0.16105125793095293
183,69747499,100 인생 그림책,722,0.8677147040764491,0.13228529592355093
184,69750959,귀멸의 칼날 7,40,0.8397256890932719,0.1602743109067281
185,69758354,블록체인 해설서,812,0.6793312460184098,0.3206687539815903
186,70146282,사랑해 시리즈 6권 세트(유아도서1권+가제손수건 증정):사랑해 사랑해 사랑해/사랑해 모두모두 사랑해/넌 사랑받기 위해 태어났단다/사랑해 자장자장 사랑해/머리부터 발끝까지 사랑해/언,2,0.9961423873901368,0.0038576126098632812
187,71764453,읽으면서 바로 써먹는 어린이 퀴즈,811,0.8350246598323187,0.16497534016768137
188,71923747,나는 개다,576,0.8527526676654815,0.14724733233451842
189,71932972,네모아저씨의 페이퍼 윙즈,954,0.7287873566150666,0.27121264338493345
190,72126830,거꾸로 가족,640,0.8824910819530487,0.11750891804695131
191,72127217,나는 소망한다 내게 금지된 것을,872,0.8504385540882746,0.14956144591172535
192,72127469,시작의 기술,878,0.6403018991152446,0.35969810088475546
193,72143923,귀멸의 칼날 8,35,0.8380002895991008,0.16199971040089925
194,72143936,귀멸의 칼날 9,46,0.8987279266119004,0.10127207338809967
195,72158875,페인트,64,0.8202570935090383,0.17974290649096172
196,72172952,마음의 결,895,0.8541210879172597,0.14587891208274023
197,73008181,빨강 머리 앤,810,0.8950374643007915,0.10496253569920858
198,73032112,월급쟁이 부자로 은퇴하라,781,0.6629165470600128,0.3370834529399872
199,73288700,환경과 생태 쫌 아는 10대,792,0.7915812929471334,0.2084187070528666
200,73293786,진짜 진짜 쉬운 그림 그리기,621,0.7184826618638532,0.2815173381361468
201,74261416,우리가 빛의 속도로 갈 수 없다면,8,0.787280622124672,0.21271937787532808
202,74298443,흔한남매 1,700,0.7779513825972875,0.2220486174027125
203,74301264,해커스 지텔프 기출문제집 G-TELP Level. 2,646,0.7281609303676165,0.27183906963238347
204,74360497,역사의 쓸모,45,0.8458533942699432,0.15414660573005676
205,74404574,주식 차트 절대비기 300선!,71,0.6383638968070348,0.3616361031929652
206,74622947,영단기 토익 실전 1000제 1 LC,894,0.6292032102743784,0.3707967897256215
207,74624240,영단기 토익 실전 1000제 1 RC,762,0.7197735577821731,0.28022644221782683
208,74806358,팥빙수의 전설,601,0.9012162576119105,0.0987837423880895
209,75217405,이상한 과자 가게 전천당 1,31,0.7724032484251877,0.22759675157481227
210,75217436,이상한 과자 가게 전천당 2,66,0.8377909322579702,0.16220906774202984
211,76106687,지구에서 한아뿐,575,0.8054172853628795,0.19458271463712057
212,76645545,김수연의 아기발달 백과,809,0.7788462216655413,0.22115377833445868
213,77136582,네모아저씨의 페이퍼 블레이드 2 레볼루션,871,0.690799954533577,0.30920004546642305
214,77264055,읽으면서 바로 써먹는 어린이 맞춤법,755,0.8233528633912405,0.17664713660875955
215,77282993,흔한남매 2,609,0.7812532165954853,0.2187467834045147
216,77283025,푸른 사자 와니니 2,21,0.8605112840731939,0.13948871592680614
217,78215498,정재승의 인간탐구보고서 1,585,0.8530999590953191,0.1469000409046809
218,78527123,만화 나 혼자만 레벨업 1,663,0.8073764350907556,0.1926235649092444
219,78651636,끝까지 남겨두는 그 마음,60,0.8506679442422144,0.14933205575778566
220,78860364,루팡의 딸,744,0.7489034553368886,0.2510965446631114
221,78863297,귀멸의 칼날 10,52,0.8812861621379853,0.11871383786201477
222,79297023,[예스리커버] 데일 카네기 인간관계론,30,0.8187797000010808,0.18122029999891917
223,79695513,부의 인문학,60,0.6861041565736135,0.3138958434263865
224,80085341,나도 손글씨 바르게 쓰면 소원이 없겠네,870,0.6766982704401017,0.3233017295598984
225,80455989,귀멸의 칼날 11,60,0.8543733306999864,0.14562666930001358
226,80742923,일의 기쁨과 슬픔,743,0.7882869174083074,0.2117130825916926
227,82936607,해리포터와 마법사의 돌 2,820,0.8559166332085927,0.14408336679140726
228,82957982,네이버쇼핑 스마트스토어로 상위노출 하라,976,0.7098055611054103,0.29019443889458973
229,83557267,귀멸의 칼날 12,56,0.8560799310604731,0.14392006893952689
230,84768464,ETS 토익 정기시험 기출문제집 1000 Vol.2 LISTENING 리스닝,13,0.7328845838020588,0.2671154161979412
231,84768485,ETS 토익 정기시험 기출문제집 1000 Vol.2 READING 리딩,75,0.8203139081597328,0.17968609184026718
232,84793626,해커스 토익 READING 리딩 RC,79,0.723764818906784,0.27623518109321593
233,84793660,해커스 토익 LISTENING 리스닝 LC,43,0.6737992187341054,0.3262007812658946
234,84807166,나는 무조건 합격하는 공부만 한다,800,0.7352482795715332,0.2647517204284668
235,84891785,117층 나무 집,1008,0.7315034002065659,0.26849659979343415
236,84907795,너와 함께라면 인생도 여행이다,953,0.8760228902101517,0.12397710978984833
237,84934333,2021 기분파 지게차운전기능사 필기,694,0.6175379349904901,0.3824620650095098
238,84936998,정재승의 인간탐구보고서 2,778,0.9040634016195933,0.0959365983804067
239,85028097,해커스 토익 스타트 Reading RC,38,0.7549390494823456,0.24506095051765442
240,85156209,주식투자 무작정 따라하기,34,0.7233707914749782,0.2766292085250219
241,85375785,귀멸의 칼날 13,64,0.8854773541291555,0.11452264587084453
242,85434519,빨강 머리 앤이 5년 후 나에게 : Q & A a day,774,0.8084872523943584,0.1915127476056417
243,85466721,엄마 나는 자라고 있어요,975,0.7835393399000168,0.21646066009998322
244,85743485,유튜브 영상 편집을 위한 프리미어 프로,836,0.7369755518436432,0.26302444815635684
245,85927898,내가 원하는 것을 나도 모를 때,1007,0.7240619003772736,0.2759380996227264
246,85930657,내가 죽으면 장례식에 누가 와줄까,998,0.6973134204745293,0.30268657952547073
247,86007920,너만 모르는 그리움,1028,0.8807567477226257,0.11924325227737427
248,86017987,재무제표 모르면 주식투자 절대로 하지마라,57,0.73530333340168,0.26469666659832003
249,86153932,귀멸의 칼날 14,50,0.94009570479393,0.05990429520606995
250,86233489,만화 나 혼자만 레벨업 2,662,0.845221857572424,0.154778142427576
251,86429868,더 위험한 과학책,828,0.815038824903554,0.18496117509644608
252,86545684,지적 대화를 위한 넓고 얕은 지식 2,720,0.7334636678298314,0.26653633217016853
253,86591861,하루 3줄 초등 글쓰기의 기적,918,0.7771945387125015,0.22280546128749848
254,86895470,나의 서툰 위로가 너에게 닿기를,736,0.9450769782066345,0.05492302179336548
255,86938316,팝업! 팝업북,78,0.6835072139898934,0.3164927860101064
256,87329618,미국식 영작문 수업,966,0.6612570395595149,0.3387429604404851
257,87530722,신기한 똥 도감,754,0.946683943271637,0.05331605672836303
258,87631208,귀멸의 칼날 15,58,0.8860858152310055,0.11391418476899465
259,87661447,"하루 5분, 엄마의 언어 자극 ",715,0.8235038026519443,0.17649619734805563
260,88918959,흔한남매 안 흔한 일기 1,946,0.8263783569519336,0.17362164304806635
261,88925363,내 아이를 위한 감정코칭,905,0.8609544549669538,0.13904554503304617
262,89091230,우리가 인생이라 부르는 것들,791,0.8546941002209981,0.14530589977900188
263,89244348,초역 니체의 말 ,925,0.7340912790525527,0.2659087209474473
264,89309569,더 해빙 The Having (40만부 기념 리커버 에디션),62,0.6321324378252029,0.36786756217479705
265,89317278,말놀이 동시집 1,566,0.8854488790035248,0.11455112099647521
266,89326029,꽝 없는 뽑기 기계,687,0.8808389137188594,0.11916108628114065
267,89415680,귀멸의 칼날 16,54,0.7443731755018235,0.2556268244981766
268,89429762,싱글맘 부동산 경매로 홀로서기,683,0.730826603955236,0.26917339604476404
269,89496128,수상한 화장실,970,0.8404888868331909,0.15951111316680908
270,89525316,고양이 해결사 깜냥 1 ,592,0.9157228569189707,0.08427714308102925
271,89643276,"알로하, 나의 엄마들",697,0.8083884845177333,0.19161151548226674
272,89741442,십 년 가게 1,672,0.7235970667430333,0.27640293325696674
273,89860367,회사에서 바로 통하는 실무 엑셀+파워포인트+워드&한글,991,0.7234624475240707,0.27653755247592926
274,89903437,정재승의 인간탐구보고서 3,845,0.8969921131928762,0.10300788680712382
275,89904068,엄마도 엄마를 사랑했으면 좋겠어 (러브맘 에디션),990,0.8258238732814789,0.17417612671852112
276,89923495,큰별쌤과 재미있게 공부하는 초등 한국사능력검정시험,1027,0.7417873336988337,0.2582126663011663
277,89938914,장군이네 떡집,19,0.8917915026346842,0.10820849736531575
278,89938917,소원 떡집,24,0.8694984922806422,0.1305015077193578
279,89941779,해커스공무원 국어 비문학 독해 333,761,0.7672822147607803,0.23271778523921965
280,89969235,공간이 만든 공간,771,0.8469368368387222,0.15306316316127777
281,90000653,귀멸의 칼날 17,55,0.8484504818916321,0.15154951810836792
282,90225942,아인슈타인이 괴델과 함께 걸을 때,852,0.7340460469325384,0.26595395306746167
283,90266525,읽으면서 바로 써먹는 어린이 수수께끼,620,0.8524742106596629,0.1475257893403371
284,90322846,보통의 언어들 (별밤 리커버 에디션),70,0.6748755484819412,0.3251244515180588
285,90335808,귀멸의 칼날 18,44,0.9064668595790863,0.0935331404209137
286,90367403,"시선으로부터,",69,0.822806007663409,0.17719399233659108
287,90367653,죽은 자의 집 청소,671,0.7118908991416295,0.28810910085837044
288,90375035,맛있게 살 빠지는 고단백 저탄수화물 다이어트 레시피,649,0.7274686654408773,0.2725313345591227
289,90392126,위포트 하주응의 PSAT for NCS 추리·상황판단 핵심 기본서,917,0.7572188059488932,0.24278119405110676
290,90428073,ETS 토익 정기시험 예상문제집 RC(리딩) 실전 5세트,835,0.7973556896814933,0.2026443103185067
291,90428075,ETS 토익 정기시험 예상문제집 LC(리스닝) 실전 5세트,904,0.7806728929281235,0.21932710707187653
292,90428162,[예스리커버] 돈의 속성 ,72,0.6721253365278244,0.3278746634721756
293,90428368,설민석의 한국사 대모험 14,869,0.8150870273510615,0.1849129726489385
294,90452795,2021 에듀윌 KBS한국어능력시험 한권끝장,668,0.7126854969696566,0.2873145030303435
295,90454414,빅터 플랭클의 죽음의 수용소에서,903,0.7540157501186643,0.24598424988133566
296,90461037,이파라파냐무냐무,596,0.8834659993648529,0.1165340006351471
297,90628267,유원,902,0.7616387108961741,0.2383612891038259
298,90872322,기분이 태도가 되지 않게 (10만 부 기념 봄 에디션),9,0.6666278113921483,0.33337218860785167
299,90959711,정재승의 과학콘서트,834,0.8151696821053823,0.1848303178946177
300,90977511,만남은 지겹고 이별은 지쳤다,770,0.8020830067495505,0.1979169932504495
301,90977741,2021 해커스공무원 신민숙 국어 어법 합격생 필기노트,637,0.8828492134809494,0.1171507865190506
302,91053468,여름의 빌라,1040,0.7929115206003189,0.20708847939968109
303,91065309,달러구트 꿈 백화점,2,0.7566256433725357,0.2433743566274643
304,91084625,2021 에듀윌 전기기능사 필기 한권끝장,937,0.7455469763278961,0.2544530236721039
305,91160008,에그박사 1 ,636,0.9069400588671367,0.09305994113286337
306,91165789,비전공자를 위한 이해할 수 있는 IT 지식 ,742,0.6141743103663126,0.38582568963368735
307,91165853,부의 대이동,833,0.683673960963885,0.316326039036115
308,91182600,빵이 되고 싶은 토끼,752,0.8684929013252258,0.13150709867477417
309,91201840,귀멸의 칼날 19,43,0.8249914512552065,0.1750085487447936
310,91213017,매우 예민한 사람들을 위한 책,868,0.5307118237018585,0.46928817629814146
311,91227900,강남 사장님,693,0.8663793493961466,0.13362065060385342
312,91323447,네모아저씨의 페이퍼 애니멀,804,0.804902720451355,0.19509727954864503
313,91359958,노화의 종말,921,0.5995309839646021,0.40046901603539786
314,91360297,괜찮지 않은데 괜찮은 척했다,952,0.7555438101291656,0.24445618987083434
315,91363468,2021 고종훈 한국사 4개년 단원별 기출엄선 800제,1026,0.7341495667185102,0.2658504332814898
316,91418161,백종원이 추천하는 집밥 메뉴 애장판,605,0.8284172940254212,0.17158270597457886
317,91422789,정재승의 인간탐구보고서 4,805,0.9187130510807038,0.08128694891929626
318,91451532,임신 출산 육아 대백과,37,0.8380746330533709,0.16192536694662912
319,91469815,만화 나 혼자만 레벨업 3,707,0.8369958301385244,0.16300416986147562
320,91766441,2021 에듀윌 민간경력자 PSAT 10개년 기출문제집,1025,0.6023884902397791,0.39761150976022086
321,91785678,완전학습 바이블,951,0.7910934779150732,0.20890652208492674
322,91880005,주린이도 술술 읽는 친절한 주식책,59,0.7539170831441879,0.24608291685581207
323,91905736,에이든 국내여행 가이드북,974,0.7112292597691218,0.2887707402308782
324,91923880,쉬운 단어로 1분 영어 말하기,581,0.764190616607666,0.23580938339233398
325,92099619,좋은 사람에게만 좋은 사람이면 돼 (봄 에디션),18,0.8822985470294953,0.11770145297050476
326,92131536,아는 만큼 당첨되는 청약의 기술,786,0.6177168508370717,0.38228314916292827
327,92154461,흔한남매의 흔한 호기심 1,54,0.8703769990082445,0.12962300099175553
328,92275597,규칙 없음 (YES24 스페셜 에디션),635,0.7477132866779963,0.2522867133220037
329,92285599,"나는 풍요로웠고, 지구는 달라졌다",741,0.8179722944895427,0.18202770551045735
330,92311394,"내가 들어보지 못해서, 아이에게 해주지 못한 말들",898,0.6083297997713089,0.3916702002286911
331,92357625,명랑한 은둔자,751,0.7509869734446207,0.24901302655537924
332,92461409,읽으면서 바로 써먹는 어린이 명심보감,574,0.7578437221901757,0.24215627780982427
333,92462231,2021 문법 풀이 전략서,936,0.7746295819679896,0.22537041803201038
334,92462696,마음챙김의 시,23,0.7984618653853734,0.20153813461462658
335,92533709,하이큐!! 43,924,0.839669547478358,0.16033045252164205
336,92562566,보건교사 안은영 (리커버 특별판),1006,0.8693306495745977,0.13066935042540231
337,92566272,체인소 맨 1,893,0.8723564316829046,0.12764356831709545
338,92566276,체인소 맨 2,965,0.887674942612648,0.11232505738735199
339,92569394,0.1%의 비밀,790,0.8135554313659668,0.1864445686340332
340,92576547,마법천자문 49 ,973,0.8299058398296093,0.1700941601703907
341,92729469,"안녕, 소중한 사람",740,0.7941857179005941,0.20581428209940592
342,92736801,아무나 쉽게 따라하는 인스타그램 마케팅,867,0.7076865682999293,0.2923134317000707
343,92769324,손글씨 레시피,656,0.7214671754837036,0.2785328245162964
344,93081172,"비트코인과 블록체인, 가상자산의 실체 2/e",625,0.7806245783964793,0.21937542160352072
345,93174290,이현석의 입이 트이는 영어 최고의 스피킹 60 - 일상생활 편 ,964,0.808833909886224,0.19116609011377608
346,93217828,2021 에듀윌 9급 공무원 공통과목 7개년 기출PACK 국어 영어 한국사,799,0.702526601155599,0.29747339884440105
347,93223466,귀멸의 칼날 20,39,0.8051491518815358,0.19485084811846415
348,93224388,귀멸의 칼날 공식 팬북 귀살대 견문록,73,0.7647111754992912,0.23528882450070873
349,93317297,존리의 금융문맹 탈출,573,0.6632169683774313,0.3367830316225688
350,93377023,흔한남매 6 ,47,0.8136031409104665,0.1863968590895335
351,93522583,어떻게 말해줘야 할까,4,0.8171217133601506,0.18287828663984934
352,93538678,비밀의 보석 가게 마석관 1,739,0.8361800452073415,0.16381995479265848
353,93716622,하루 1분 초간단 스트레칭,18,0.61626964310805,0.38373035689194995
354,93720139,초등 완성 매일 영어책 읽기 습관,831,0.8125314563512802,0.1874685436487198
355,93720373,세계미래보고서 2021 (포스트 코로나 특별판),1024,0.6615800867478053,0.3384199132521947
356,93882361,2021 써니 행정법총론 기출문제집,989,0.7271336430105669,0.272866356989433
357,93887911,2021 사회조사분석사 2급 필기 한권으로 끝내기,1023,0.7152811459132603,0.2847188540867397
358,93888046,고양이 해결사 깜냥 2,591,0.9382986962795258,0.06170130372047424
359,93888691,2030 축의 전환,27,0.7386550744374593,0.2613449255625407
360,93967467,행운이 너에게 다가오는 중,827,0.7905714333057403,0.20942856669425963
361,93992498,2021 민준호 사회 진도별 동형 모의고사,63,0.7941693276166916,0.2058306723833084
362,94057056,초등 노트 필기의 기술,950,0.739983938061274,0.260016061938726
363,94489333,공정하다는 착각,36,0.7328615109125773,0.2671384890874227
364,94492890,2021 갓대환 형사소송법 기출 1000제 ,798,0.7440417174782071,0.2559582825217928
365,94517165,홀로서기 심리학,565,0.8806088947587543,0.11939110524124569
366,94772082,햇살콩 한줌묵상 365 (탁상용 캘린더),760,0.9035462498664856,0.0964537501335144
367,94772213,에그박사 2,634,0.8555001265236309,0.14449987347636903
368,94882188,다산의 마지막 습관,1005,0.7624135285615921,0.2375864714384079
369,94971423,체인소 맨 3 ,988,0.8401848912239075,0.15981510877609253
370,94978691,어린이라는 세계 (리커버 한정판),66,0.8765746394793192,0.12342536052068075
371,95069651,하이큐!! 44 ,851,0.9117001970609029,0.08829980293909709
372,95150876,2021 시나공 워드프로세서 실기,769,0.8010289458667531,0.19897105413324692
373,95161627,"나태주, 시간의 쉼표",14,0.9350170731544495,0.06498292684555054
374,95275828,그런 사람 또 없습니다,826,0.8640248696009318,0.1359751303990682
375,95290664,2021 렛유인 고난도 문제가 가득한 NCS PSAT형 고득점 비법서 문제해결+자원관리능력,1022,0.7493499866847334,0.2506500133152666
376,95308338,방구석 미술관 2 : 한국,49,0.8234286566575368,0.1765713433424632
377,95529686,2021 김중규 여다나 압축 선행정학 ,703,0.8476315488417944,0.15236845115820566
378,95554215,2021 선재국어 딱공! 핵심 필기노트 50,842,0.7958467091832843,0.2041532908167158
379,95559993,설민석의 고사성어 대격돌 1,883,0.8860710849364598,0.11392891506354014
380,95562877,2021 조태정 영어 리그래머(#Re-grammar)125POINT,841,0.7908438245455424,0.2091561754544576
381,95594067,귀멸의 칼날 21 ,38,0.8602369596560796,0.1397630403439204
382,95594089,귀멸의 칼날 21 캘린더 한정판 세트 ,860,0.873340513308843,0.12665948669115704
383,95596497,"2021 써니 행정법총론 SOS (Summary Of Sunny, 써니 요약집)",655,0.7874102016290029,0.21258979837099712
384,95605209,엑시트 EXIT,631,0.6845329076051712,0.3154670923948288
385,95719593,마음이 흐르는 대로,987,0.9369045741417829,0.06309542585821713
386,95736392,이기동 영어 구동사 연구,819,0.62919306423929,0.37080693576071
387,95736882,2021 시나공 총정리 컴퓨터활용능력 1급 필기,797,0.8349799662828445,0.16502003371715546
388,95766310,흔한남매의 흔한 호기심 2,79,0.7854029556115468,0.21459704438845317
389,95791680,이상한 과자 가게 전천당 9,69,0.8688973943392436,0.13110260566075643
390,95856594,2021 해커스 한국사능력검정시험 2주합격 심화(1.2.3급) 기본서,630,0.7415661480691698,0.25843385193083024
391,95856808,멘탈의 연금술,72,0.745486796895663,0.25451320310433706
392,95870460,사랑의 온도,866,0.9376448810100555,0.06235511898994446
393,95926892,흔한남매 별난 방탈출 1,80,0.8603211045265198,0.13967889547348022
394,95997976,뉴욕주민의 진짜 미국식 주식투자,865,0.7089831382036209,0.2910168617963791
395,96001838,초등 자기주도 공부법,901,0.8163011382023494,0.18369886179765066
396,96020144,"2021 큰별쌤 최태성의 별별한국사 한국사능력검정시험 기본 (4,5,6급)",678,0.7862578905545748,0.21374210944542518
397,96020148,2021 큰별쌤 최태성의 별별한국사 기출 500제 한국사능력검정시험 심화,63,0.7213452478249868,0.27865475217501323
398,96024562,베서니와 괴물의 묘약,706,0.8613108759341033,0.13868912406589673
399,96025067,메타버스,7,0.8288743247588476,0.17112567524115244
400,96088299,2021 에듀윌 공인중개사 부동산공법 체계도,884,0.6082461297512054,0.39175387024879454
401,96174953,애린 왕자,27,0.7928265470724839,0.20717345292751604
402,96181951,나는 괜찮은 사람입니다,808,0.9022423060876983,0.09775769391230174
403,96226081,2021 에듀윌 KBS한국어능력시험 2주끝장,61,0.7286536589912747,0.2713463410087254
404,96376857,2021 성피티의 생활스포츠지도사 2급 필기 합격공식,785,0.7707358698050181,0.2292641301949819
405,96377056,2021 심우철 실전동형 모의고사 SEASON 1,714,0.7685040225585301,0.23149597744146982
406,96378780,EEA : English for Everyday Activities ,52,0.5282180644571781,0.4717819355428219
407,96383431,어니스트의 멋진 하루,590,0.8791816966100172,0.12081830338998274
408,96429948,하이큐!! 45 ,564,0.8473177482684453,0.15268225173155467
409,96434402,2021 이동기 20일 완성 실전 문법 300제,616,0.7565796019939276,0.2434203980060724
410,96435613,모래알만 한 진실이라도,70,0.8912380556265513,0.10876194437344869
411,96547408,돈의 심리학,35,0.7258782823880513,0.27412171761194865
412,96568463,생각하라 그리고 부자가 되어라,1021,0.6801246851682663,0.3198753148317337
413,96644794,주린이가 가장 알고 싶은 최다질문 TOP 77,6,0.7333229968945185,0.2666770031054815
414,96651207,일본인들이 증언하는 한일역전,702,0.9150517582893372,0.08494824171066284
415,96652776,이번 생은 N잡러,859,0.7779012521107992,0.22209874788920084
416,96665957,2021 해커스 GSAT 삼성직무적성검사 최신기출유형 통합 기본서,606,0.8094809926473178,0.19051900735268226
417,96669617,체인소 맨 4 ,1020,0.8252769137422243,0.17472308625777563
418,96674063,2021 최신판 위포트 신헌의 PSAT for NCS 수리.자료해석 실전 300제,734,0.8841023325920105,0.1158976674079895
419,96674934,Do it! HTML+CSS+자바스크립트 웹 표준의 정석,916,0.4047354608774185,0.5952645391225815
420,96687616,2021 ADsP 데이터 분석 준전문가,75,0.4058916185583387,0.5941083814416613
421,96706097,돈의 시나리오,56,0.4350828558206558,0.5649171441793441
422,96792346,2021 해커스 전산회계 1급 이론+실기+기출문제,721,0.7677142752541436,0.2322857247458564
423,96793810,주식 공부 5일 완성,7,0.7525690479411019,0.2474309520588981
424,96837010,IT 좀 아는 사람,629,0.7619874990648694,0.23801250093513066
425,96849370,주택임대사업자의 모든 것,986,0.6192982792854309,0.3807017207145691
426,96860642,하루 10분 또박또박 예쁜 글씨 (초등 고학년용),915,0.660839581489563,0.339160418510437
427,96971128,어떤 죽음이 삶에게 말했다,31,0.9084301933094308,0.09156980669056927
428,96977369,2021 써니 행정법총론 단원별 모의고사,858,0.8022649743055043,0.19773502569449575
429,97017841,2021 전한길 한국사 실전형 봉투 모의고사,985,0.6230913835267226,0.3769086164732774
430,97029338,최배근 대한민국 대전환 100년의 조건,784,0.7494677858693259,0.2505322141306741
431,97032664,기록하기로 했습니다,738,0.8467491954565048,0.15325080454349518
432,97034983,2021 해커스 GSAT 삼성직무적성검사 실전모의고사,40,0.678162008523941,0.32183799147605896
433,97037000,Go Go 카카오프렌즈 18 오스트리아,648,0.8816361900033622,0.1183638099966378
434,97042524,2021 에듀윌 공기업 NCS 통합 봉투모의고사 5+1회,796,0.7983682592709859,0.20163174072901408
435,97047916,2021 에듀윌 공인중개사 2차 단원별 기출문제집,568,0.8198467195034027,0.1801532804965973
436,97123858,새로운 가난이 온다,768,0.8267908271621255,0.17320917283787446
437,97125540,나는 나무처럼 살고 싶다 (10만 부 기념 스페셜 에디션),677,0.9070374237166511,0.09296257628334893
438,97153710,2021 유통관리사 2급 단기완성,877,0.9317486584186554,0.0682513415813446
439,97156329,귀멸의 칼날 22 ,21,0.7571583231290181,0.24284167687098185
440,97164069,디 앤서,765,0.8134418666362763,0.18655813336372376
441,97187445,"2021 에듀윌 답만보는 운전면허 필기시험 1종,2종 공통",748,0.670367419719696,0.32963258028030396
442,97242874,수학 잘하는 아이는 이렇게 공부합니다,51,0.7210425436496735,0.27895745635032654
443,97246346,엔드 오브 타임,5,0.6724616520934634,0.3275383479065365
444,97247000,조금 알고 적당히 모르는 오십이 되었다,923,0.90486640439314,0.09513359560686
445,97247006,오픽노잼,719,0.5209774553775788,0.4790225446224213
446,97248935,2021 문동균 한국사 문단속 적중 최종 병기 Final 모의고사 ,639,0.7536248332924314,0.2463751667075687
447,97252096,보통의 노을,922,0.7252308680461004,0.2747691319538997
448,97255028,긴긴밤,79,0.915924800435702,0.084075199564298
449,97275217,푸른 사자 와니니 3,5,0.8422966212034225,0.15770337879657745
450,97277154,2021 최신판 위포트 공기업 NCS 모듈형 통합 기본서 이론 학습+실전 모의고사,1019,0.8990811258554459,0.10091887414455415
451,97282460,2021 에듀윌 군무원 15개년 기출문제집 국어,682,0.6603303523290724,0.3396696476709275
452,97282468,가상화폐 차트도 모르고 할 뻔했다,42,0.6132285467215947,0.38677145327840534
453,97283063,아이에게 배우는 아빠,676,0.8457213026635787,0.1542786973364213
454,97283317,나는 나답게 살기로 했다,53,0.8748982151349386,0.12510178486506143
455,97294660,빅데이터 부동산 투자 2021 대전망,753,0.6499633510907491,0.3500366489092509
456,97323025,"2021 큰별쌤 최태성의 별별한국사 한국사능력검정시험 심화(1, 2, 3급) 상",23,0.7634325583775838,0.2365674416224162
457,97323030,"2021 큰별쌤 최태성의 별별한국사 한국사능력검정시험 심화(1, 2, 3급) 하",29,0.79305643760241,0.20694356239759004
458,97389697,밤의 숨소리,589,0.6719027757644653,0.32809722423553467
459,97404754,나의 첫 투자 수업 1 마인드편,24,0.6717325260241827,0.32826747397581735
460,97404824,나의 첫 투자 수업 2 투자편,20,0.7391844062969603,0.26081559370303975
461,97412099,감각 통합 놀이,972,0.8183411094877455,0.1816588905122545
462,97417655,2021 답만 외우는 운전면허 1·2종 필기시험 문제집,963,0.9416049718856812,0.05839502811431885
463,97417733,흔한남매 불꽃 튀는 우리말 1,37,0.7959447354078293,0.20405526459217072
464,97418314,"빌 게이츠, 기후재앙을 피하는 법",10,0.6855539927879969,0.31444600721200305
465,97423286,일본의 굴레,850,0.7491170434015137,0.2508829565984862
466,97512893,2021 해커스 온라인 GSAT 삼성직무적성검사 파이널 봉투모의고사,65,0.7861544787883759,0.21384552121162415
467,97514000,대한민국 부동산 미래지도,572,0.6434260964393616,0.35657390356063845
468,97522081,마지막 몰입 : 나를 넘어서는 힘,22,0.7292653858661652,0.2707346141338348
469,97536519,방구석 노트북 하나로 월급 독립 프로젝트,1004,0.701689146955808,0.29831085304419197
470,97538681,강방천의 관점,5,0.7570957720279694,0.24290422797203065
471,97546858,공원에서,705,0.9230411297508648,0.07695887024913516
472,97551498,한국어능력시험 기출문제 해설집 16,624,0.8998572826385498,0.1001427173614502
473,97563496,"말모이, 다시 쓰는 우리말 사전",3,0.5986484289169312,0.4013515710830689
474,97563510,2021 선재국어 나침판 실전 모의고사 vol. 1,675,0.7347479691108068,0.2652520308891932
475,97584536,2021 심우철 실전동형 모의고사 SEASON 2,661,0.8063388705253601,0.1936611294746399
476,97584861,휴먼카인드,53,0.8467801709969839,0.15321982900301614
477,97636690,흔한남매 7,19,0.8074347502910174,0.19256524970898262
478,97641248,생각의 각도,588,0.918083518743515,0.08191648125648499
479,97643359,부장님보다 돈 잘 버는 직장인의 부동산 투자,935,0.7864795923233032,0.21352040767669678
480,97651046,진짜 부자들의 돈 쓰는 법,713,0.5164412955443064,0.48355870445569354
481,97652501,서울 아파트 마지막 폭등장에 올라타라,1018,0.7259838723001026,0.2740161276998974
482,97652758,유아식 레시피북,615,0.6249438226222992,0.3750561773777008
483,97656681,2021 고시넷 NCS 지역농협 6급 기본서,962,0.8202506899833679,0.17974931001663208
484,97658378,절대 배신하지 않는 공부의 기술,587,0.6587922672430674,0.34120773275693256
485,97662638,초등학생이 알아야 할 지구 환경과 기후 변화 100가지,996,0.9490755200386047,0.050924479961395264
486,97665161,이상한 과자 가게 전천당 10,10,0.9039469381173452,0.09605306188265482
487,97665358,2021 해커스 NCS 국민건강보험공단 봉투모의고사,633,0.5425634384155273,0.45743656158447266
488,97665510,부자들은 이런 주식을 삽니다,891,0.6839400061539241,0.31605999384607586
489,97676776,순서 파괴,594,0.4447041526436806,0.5552958473563194
490,97677118,진짜 하루만에 끝내는 이모티콘,759,0.6972052454948425,0.30279475450515747
491,97677182,2021 문동균 한국사 D-30 문단속 모의고사,654,0.776985870467292,0.22301412953270805
492,97684576,탤런트 코드 (특별합본판),1035,0.7112421880165736,0.2887578119834264
493,97701702,타이탄의 지혜들,1039,0.8540545191083636,0.14594548089163645
494,97780491,가상화폐 완전정복,667,0.8029880404472352,0.1970119595527649
495,97780589,아버지에게 갔었어,48,0.8105047694567976,0.18949523054320236
496,97784493,사두면 오르는 경기도 아파트,628,0.8716211517651876,0.1283788482348124
497,97784717,주택과 세금,19,0.7304992606242497,0.2695007393757502
498,97795085,2021 국민건강보험공단 국민건강보험법 문제집,984,0.5836087465286255,0.4163912534713745
499,97813753,깊은 밤 필통 안에서,55,0.8346927722295125,0.16530722777048748
500,97814459,2021 최신판 위포트 한국전력공사 KEPCO 직무능력검사 NCS 실전 봉투 모의고사,11,0.9521164894104004,0.04788351058959961
501,97824703,당신이 숨기고 있는 것들,563,0.9212266981601716,0.07877330183982849
502,97829761,부동산 투자 필승 공식,961,0.6358136673768361,0.36418633262316386
503,97916485,우리는 안녕,653,0.877679206430912,0.12232079356908798
504,97927267,설민석의 한국사 대모험 16,8,0.8954529680054764,0.10454703199452367
505,97948340,질서 너머,12,0.6568384408950806,0.3431615591049194
506,97960910,"2021 에듀윌 한국사능력검정시험 기출선지 빅데이터 2주끝장 심화(1, 2, 3급)",36,0.8771268129348755,0.12287318706512451
507,97963005,오늘은 이만 좀 쉴게요 (10만 부 기념 스페셜 에디션),4,0.8806841671466827,0.11931583285331725
508,97963041,체인소 맨 5 ,692,0.8358394622802734,0.16416053771972655
509,97975508,2021 해커스 투자자산운용사 최종핵심정리문제집,614,0.6591429710388184,0.34085702896118164
510,97978146,미국 주식이 답이다,50,0.6351111918687821,0.36488880813121793
511,97981719,한 달에 7kg 빠지는 다이어트 레시피,718,0.688549088107215,0.31145091189278495
512,97982548,수상한 기차역,66,0.7060751229524612,0.2939248770475388
513,98136406,초등과학백과,623,0.8797190934419632,0.1202809065580368
514,98137426,130층 나무 집,30,0.8758185227711995,0.12418147722880045
515,98150244,수학도둑 81,727,0.943379799524943,0.05662020047505697
516,98191436,대전환의 시대,704,0.6070871539413929,0.3929128460586071
517,98227211,가지 말라는데 가고 싶은 길이 있다,1,0.807061645117673,0.192938354882327
518,98227211,가지 말라는데 가고 싶은 길이 있다,73,0.807061645117673,0.192938354882327
519,98259368,넥스트 테슬라를 찾아라,16,0.7991021990776062,0.2008978009223938
520,98349603,클라라와 태양,73,0.7689798424641291,0.23102015753587088
521,98351026,진격의 거인 33 ,562,0.7834937959909439,0.2165062040090561
522,98351273,새벽의 연화 33 ,876,0.8049089481433233,0.19509105185667674
523,98390254,겁내지 않고 그림 그리는 법,570,0.9096660812695821,0.09033391873041789
524,98397454,소설 보다 : 봄 2021,647,0.7470628670577345,0.2529371329422655
525,98479577,팀 켈러의 부활을 입다,1038,0.8880891799926758,0.11191082000732422
526,98484339,2021·2022 큰별쌤 최태성의 별★별 한국사 7일의 기적 한국사능력검정시험 심화(1·2·3급),807,0.7739695012569427,0.22603049874305725
527,98485438,재혼황후 5,780,0.8279201626777649,0.1720798373222351
528,98485687,2021 에듀윌 공인중개사 2차 핵심요약집,747,0.6790380915006001,0.3209619084993998
529,98500229,백귀야행 28 ,959,0.7988545686006546,0.2011454313993454
530,98561058,위대한 시크릿,25,0.6466103040036701,0.3533896959963299
531,98568254,싱크 어게인,27,0.7820618728796641,0.2179381271203359
532,98796153,하나를 비우니 모든 게 달라졌다,849,0.6944968104362488,0.3055031895637512
533,98796623,소수몽키의 한 권으로 끝내는 미국주식,74,0.740514964858691,0.2594850351413091
534,98796676,마지막 레벨 업,848,0.8040710508823394,0.1959289491176605
535,98796693,비밀의 무게,864,0.7997659593820572,0.2002340406179428
536,98797889,범인 없는 살인의 밤,788,0.8715902715921402,0.1284097284078598
537,98799362,작은 별이지만 빛나고 있어,62,0.859188351366255,0.14081164863374498
538,98799454,무조건 팔리는 카피 단어장,26,0.6973252594470978,0.30267474055290217
539,98799792,슬기로운 교사생활,1003,0.8652340173721313,0.13476598262786865
540,98808093,아이가 원하는 세상의 모든 그림 그리기,767,0.941553016503652,0.05844698349634806
541,98808100,그림으로 수학 잡는 깨봉수학교실 1,78,0.8615678686362046,0.13843213136379534
542,98808494,Go Go 카카오프렌즈 19 한국2,28,0.8662658078329903,0.13373419216700963
543,98811699,ESG 혁명이 온다,1002,0.9403480291366576,0.059651970863342285
544,98829321,나 홀로 읽는 도덕경,584,0.9173120856285096,0.08268791437149048
545,98830669,당신의 사랑은 당신을 닮았다,844,0.8023277268959925,0.19767227310400742
546,98831125,집 안에 무슨 일이?,613,0.7523327554975238,0.2476672445024763
547,98831374,"아들아, 돈 공부해야 한다",3,0.7703461928500069,0.22965380714999306
548,98832816,당신은 다른 사람의 성공에 기여한 적 있는가? ,830,0.9745910465717316,0.025408953428268436
549,98833247,악녀는 마리오네트 세트,983,0.8804229944944382,0.11957700550556183
550,98853693,원피스 ONE PIECE 98 ,77,0.875818016131719,0.12418198386828104
551,98854353,"오늘이 무대, 지금의 노래",829,0.7522918244202932,0.24770817557970684
552,98859168,유령 고양이 후쿠코 1,610,0.9214498996734619,0.07855010032653807
553,98859230,설레는 건 많을수록 좋아,25,0.8568500638008117,0.14314993619918823
554,98859230,설레는 건 많을수록 좋아,57,0.8568500638008117,0.14314993619918823
555,98860165,코믹 전생했더니 슬라임이었던 건에 대하여 16 ,958,0.7528910636901855,0.24710893630981445
556,98861805,아마존처럼 회의하라,900,0.26925817131996155,0.7307418286800385
557,98883610,설민석의 만만 한국사 3,1037,0.6292791962623596,0.3707208037376404
558,98896046,설민석의 세계사 대모험 8,34,0.8601538624082293,0.13984613759177073
559,98897587,리더의 말 그릇,862,0.9450313548247019,0.05496864517529806
560,98981214,똑똑하게 생존하기,766,0.7597441126902899,0.24025588730971018
561,98983458,"우연히, 웨스 앤더슨",726,0.9634032249450684,0.03659677505493164
562,98984033,꿈꾸는 구둣방,4,0.7988050989806652,0.2011949010193348
563,98984033,꿈꾸는 구둣방,76,0.7988050989806652,0.2011949010193348
564,98984525,어린이를 위한 초등 매일 글쓰기의 힘: 논술 쓰기,11,0.9700481295585632,0.029951870441436768
565,98984570,어린이를 위한 초등 매일 글쓰기의 힘: 자유글쓰기,69,0.7464188635349274,0.25358113646507263
566,98985896,딱 한 번 읽고 바로 써먹는 30일 기초 영문법 1 ,33,0.7386923479406458,0.2613076520593543
567,98985989,딱 한 번 읽고 바로 써먹는 30일 기초 영문법 2,2,0.9031386494636535,0.09686135053634644
568,98998622,란마 1/2 애장판 19 ,1017,0.8841626451295965,0.11583735487040352
569,98998640,란마 1/2 애장판 20 ,934,0.7926297123943057,0.20737028760569437
570,98999287,"용기를 내, 비닐장갑!",35,0.8161045204509388,0.18389547954906116
571,99011259,너에게 하고 싶은 말,23,0.9923003315925598,0.0076996684074401855
572,99011431,변변찮은 마술강사와 금기교전 17 ,875,0.886144091685613,0.11385590831438701
573,99015280,2021 이동기 영어 실전동형 모의고사 Vol.2,80,0.7716270593496469,0.22837294065035307
574,99018415,2021 제12회 젊은작가상 수상작품집,11,0.6917391379674276,0.3082608620325724
575,99024688,2021 해커스 전산세무 2급 이론+실기+최신기출,789,0.8796442747116089,0.12035572528839113
576,99025756,괴물 1,50,0.801270604133606,0.19872939586639404
577,99025773,괴물 2,52,0.801270604133606,0.19872939586639404
578,99025783,괴물 3 : 시크릿 작가노트,24,0.801270604133606,0.19872939586639404
579,99029740,로봇 시대 일자리의 미래,933,0.660845935344696,0.33915406465530396
580,99100281,2021 선재국어 나침판 실전 모의고사 vol.2,16,0.7636755526065826,0.23632444739341735
581,99100517,주술회전 14 일반판 ,39,0.7418589989344279,0.2581410010655721
582,99100533,클린 CLEAN,971,0.874701647957166,0.12529835204283396
583,99102779,판교의 젊은 기획자들,593,0.9098452428976694,0.09015475710233052
584,99110088,2021 공단기 360 공통과목 모의고사 Vol.5 (04월호),733,0.3422674387693405,0.6577325612306595
585,99111756,달까지 가자,47,0.7435721239218345,0.2564278760781655
586,99112525,2021 김중규 ALL PASS 선행정학 모의고사 지방·서울9급,6,0.7398992478847504,0.26010075211524963
587,99112525,2021 김중규 ALL PASS 선행정학 모의고사 지방·서울9급,71,0.7398992478847504,0.26010075211524963
588,99112951,외고에서 통하는 엄마표 영어의 힘,932,0.839603970448176,0.16039602955182394
589,99122382,2021 고시넷 NCS 경기도 공공기관 통합채용 기출예상문제집,889,0.8885886669158936,0.11141133308410643
590,99122570,동경대전 1,13,0.6802003532648087,0.31979964673519135
591,99122590,동경대전 2,58,0.8735774755477905,0.12642252445220947
592,99123052,어둠과 위선의 기록 ,33,0.1946953684091568,0.8053046315908432
593,99128786,"서른살, 비트코인으로 퇴사합니다",15,0.6332074569331275,0.3667925430668725
594,99129336,한 번에 되지 않는 사람,619,0.8374517948731132,0.16254820512688678
595,99144546,투자의 지도,571,0.7801491469144821,0.21985085308551788
596,99145937,"눈치껏 못 배웁니다, 일센스",46,0.7845265939831734,0.21547340601682663
597,99146953,공간의 미래,26,0.556945264339447,0.443054735660553
598,99148255,새로운 시대의 부자가 온다,931,0.7583610848947004,0.24163891510529953
599,99150433,2021 해커스 공무원 실전동형모의고사 국어 2,600,0.43146154284477234,0.5685384571552277
600,99152661,[예스리커버] 햄릿 · 로미오와 줄리엣,717,0.6383620649576187,0.3616379350423813
601,99153470,나는 아침마다 삶의 감각을 깨운다,34,0.3124526143074036,0.6875473856925964
602,99181353,어쩌면 당신이 원했던 조선 갈등사,847,0.6710590422153473,0.3289409577846527
603,99181849,그러라 그래,49,0.8019566784302393,0.19804332156976065
604,99184494,디테일 사전 (도시 편),21,0.9713180065155028,0.02868199348449707
605,99184511,왜 일하는가,6,0.9388427138328552,0.061157286167144775
606,99186679,디테일 사전 (시골 편),29,0.9454924662907919,0.05450753370920817
607,99187023,2021 오직 간호대생을 위한 간호사 면접,732,0.789554238319397,0.21044576168060303
608,99269728,그리스 로마 신화 22,53,0.9290339691298348,0.07096603087016515
609,99270948,전당포 시노부의 보석상자 12 ,914,0.7441525161266327,0.2558474838733673
610,99271008,건강 불균형 바로잡기,78,0.9327612221240998,0.06723877787590027
611,99272214,페어 플레이 프로젝트,949,0.6627185940742493,0.33728140592575073
612,99272270,마리아정의 케이터링 클래스,674,0.7452765882015229,0.2547234117984772
613,99273637,공감은 지능이다,604,0.8014287352561951,0.1985712647438049
614,99273929,내가 사랑한 화가들,58,0.9193268616994222,0.0806731383005778
615,99275107,부모와 아이 중 한 사람은 어른이어야 한다,32,0.7080724090337753,0.29192759096622467
616,99299413,엄마들만 아는 세계,77,0.5108095904191335,0.4891904095808665
617,99300522,2021 조태정 영어 실전동형 모의고사 season 2,982,0.9815402030944824,0.018459796905517575
618,99300613,귀멸의 칼날 23 ,1,0.6970467050870259,0.302953294912974
619,99301032,엄마의 이상한 출근길,38,0.849593997001648,0.15040600299835205
620,99302330,열세 살 말 공부,758,0.8800551755861803,0.11994482441381975
621,99303113,틴틴팅클! ,47,0.971497043967247,0.02850295603275299
622,99304468,귀엽기만 한 게 아닌 시키모리 양 7 ,795,0.9353622297445933,0.06463777025540669
623,99306982,사계절 손뜨개 양말,1001,0.6014050543308258,0.3985949456691742
624,99309559,뇌 과학이 인생에 필요한 순간,59,0.8725908597310384,0.12740914026896158
625,99309602,읽으면서 바로 써먹는 어린이 사자성어,17,0.7772339880466461,0.22276601195335388
626,99351629,밤을 걷는 밤,17,0.9215048276461087,0.07849517235389122
627,99358494,만화 나 혼자만 레벨업 4 ,1,0.9381239414215088,0.06187605857849121
628,99358996,2021 심우철 실전동형 모의고사 SEASON 3,9,0.7672911703586578,0.23270882964134215
629,99360153,백년허리1 진단편,56,0.6575453951954842,0.34245460480451584
630,99392267,십 년 가게 4,45,0.8829001983006796,0.11709980169932048
631,99394813,콜레트는 죽기로 했다 17 ,1016,0.8050642410914103,0.1949357589085897
632,99395858,보루토 BORUTO 13 ,981,0.8121907860040665,0.18780921399593353
633,99396245,그게 너였으면 좋겠다,18,0.8729250783270056,0.12707492167299445
634,99398437,요괴의 아이를 돌봐드립니다 4,899,0.9617642164230348,0.03823578357696533
635,99399231,부모 면허,652,0.8825727581977845,0.11742724180221557
636,99400284,2021 선재국어 실전 봉투 모의고사 2,29,0.7850937843322754,0.2149062156677246
637,99400850,흔한남매 별난 방탈출 2,14,0.8716911613941193,0.12830883860588074
638,99422162,2021 고종훈 한국사 동형모의고사 시즌 3,77,0.8813660219311714,0.11863397806882858
639,99423418,스파이 패밀리 Spy Family 6 ,16,0.7936372529057896,0.20636274709421046
640,99423469,3X3 EYES(아이즈) 환수의 숲의 조난자 4 ,817,0.94960355758667,0.05039644241333008
641,99424989,인구 대역전 ,12,0.8452551265557607,0.1547448734442393
642,99426085,2022 노희양 지방세법 및 기출문제집,930,0.623461440205574,0.37653855979442596
643,99428885,호랑이를 덫에 가두면,42,0.8629231836114611,0.1370768163885389
644,99475212,정재승의 인간탐구보고서 6,7,0.8578924451555524,0.14210755484444754
645,99475214,제텔카스텐,1015,0.5997804403305054,0.4002195596694946
646,99475222,스타벅스의 미래,65,0.8089663550257683,0.19103364497423173
647,99475960,쿠로사키 말 따위 안 들을 거야 17 ,913,0.8399286270141602,0.16007137298583984
648,99479904,바람의 검심 ―메이지 검객 낭만기 홋카이도 편― 5 ,599,0.8942679365475973,0.10573206345240276
649,99479990,프로미스 신데렐라 6 ,912,0.8419971466064453,0.1580028533935547
650,99480461,처음 읽는 그리스 로마 신화 4 인간의 죄와 벌,856,0.9463076790173849,0.053692320982615144
651,99481071,여자친구의 여동생과 키스를 했다 1 ,680,0.8923474252223969,0.10765257477760315
652,99521277,하루만 네가 되고 싶어 2 특별판 ,76,0.7381186783313751,0.2618813216686249
653,99538603,어린이는 언제나 나를 자라게 한다,666,0.8025325775146485,0.19746742248535157
654,99928461,콩맘의 해피 베이킹 다이어리 (Congmom’s Happy Baking Diary),840,0.8683943152427673,0.13160568475723267
655,99928851,너의 세상으로,816,0.7610342502593994,0.23896574974060056
656,99974604,초등 놀이 글쓰기,839,0.8781361182530721,0.1218638817469279
657,100008650,주식은 그렇게 하는 게 아닙니다,61,0.7811906039714813,0.21880939602851865
658,100030116,바늘과 가죽의 시,55,0.7062771121660868,0.29372288783391315
659,100055497,서울대 수석은 이렇게 공부합니다,561,0.5327194432417551,0.4672805567582448
660,100285841,룬의 아이들 - 블러디드 4,10,0.8690071478486061,0.1309928521513939
661,100456463,3기 신도시 & 수도권 청약 전략,586,0.8753609326150682,0.12463906738493177
662,100461104,대답하세요! 프라임 미니스터 8 ,711,0.5293341279029846,0.4706658720970154
663,100461673,청의 엑소시스트 26 ,815,0.9617117643356324,0.038288235664367676
664,100461771,오! 취준의 여신님 2 ,911,0.4701973497867584,0.5298026502132416
665,101303612,기동경찰 패트레이버 애장판 9 ,929,0.9844150543212892,0.015584945678710938
666,101309266,변덕쟁이 오렌지로드 7 ,746,0.991582989692688,0.008417010307312012
667,101323172,우리가 있던 시간,26,0.9559745043516159,0.044025495648384094
668,101346117,장난을 잘 치는 타카기양 15 ,1014,0.9533923864364624,0.0466076135635376
669,101346694,믹스 MIX 17 ,567,0.967468798160553,0.03253120183944702
670,101347574,무라카미 T,42,0.48113837838172907,0.5188616216182709
671,101375755,프로젝트 헤일메리,814,0.7780820727348328,0.22191792726516726
